element;vendor;model;type;serial;description
RT-CORE-BSB-01;Cisco;Cisco 8808;chassis;SN-3414013;Cisco 8808 Modular Chassis
RT-CORE-SPO-01;Cisco;Cisco 8808;chassis;SN-5309868;Cisco 8808 Modular Chassis
RT-CORE-RJO-01;Cisco;Cisco 8808;chassis;SN-0655171;Cisco 8808 Modular Chassis
RT-CORE-FOR-01;Cisco;Cisco 8808;chassis;SN-8522096;Cisco 8808 Modular Chassis
RT-AGGR-POA-01;Juniper;Juniper MX480;chassis;SN-3065050;Juniper MX480 Modular Chassis
RT-AGGR-CWB-01;Juniper;Juniper MX480;chassis;SN-8220745;Juniper MX480 Modular Chassis
RT-AGGR-BHZ-01;Juniper;Juniper MX480;chassis;SN-3746323;Juniper MX480 Modular Chassis
RT-AGGR-SSA-01;Juniper;Juniper MX480;chassis;SN-5867062;Juniper MX480 Modular Chassis
RT-AGGR-REC-01;Juniper;Juniper MX480;chassis;SN-7125952;Juniper MX480 Modular Chassis
RT-AGGR-BEL-01;Juniper;Juniper MX480;chassis;SN-0975293;Juniper MX480 Modular Chassis
RT-AGGR-MAO-01;Juniper;Juniper MX480;chassis;SN-0042688;Juniper MX480 Modular Chassis
RT-AGGR-CGB-01;Juniper;Juniper MX480;chassis;SN-6473292;Juniper MX480 Modular Chassis
SW-DIST-SPO-01;Huawei;Huawei CE6857;chassis;SN-3625282;Huawei CE6857 Modular Chassis
SW-DIST-SPO-02;Huawei;Huawei CE6857;chassis;SN-2499330;Huawei CE6857 Modular Chassis
SW-DIST-RJO-01;Huawei;Huawei CE6857;chassis;SN-4268972;Huawei CE6857 Modular Chassis
SW-DIST-RJO-02;Huawei;Huawei CE6857;chassis;SN-3652389;Huawei CE6857 Modular Chassis
SW-DIST-BSB-01;Huawei;Huawei CE6857;chassis;SN-9647011;Huawei CE6857 Modular Chassis
SW-DIST-BSB-02;Huawei;Huawei CE6857;chassis;SN-0251712;Huawei CE6857 Modular Chassis
SW-DIST-POA-01;Huawei;Huawei CE6857;chassis;SN-8615313;Huawei CE6857 Modular Chassis
SW-DIST-CWB-01;Huawei;Huawei CE6857;chassis;SN-8773579;Huawei CE6857 Modular Chassis
SW-DIST-BHZ-01;Huawei;Huawei CE6857;chassis;SN-9398535;Huawei CE6857 Modular Chassis
SW-DIST-SSA-01;Huawei;Huawei CE6857;chassis;SN-8204587;Huawei CE6857 Modular Chassis
SW-DIST-REC-01;Huawei;Huawei CE6857;chassis;SN-0360465;Huawei CE6857 Modular Chassis
SW-DIST-FOR-01;Huawei;Huawei CE6857;chassis;SN-6907752;Huawei CE6857 Modular Chassis
PTT-IX-SPO-01;EdgeCore;EdgeCore Whitebox;chassis;SN-1000388;EdgeCore Whitebox Modular Chassis
PTT-IX-FOR-01;EdgeCore;EdgeCore Whitebox;chassis;SN-1826145;EdgeCore Whitebox Modular Chassis
PTT-IX-RJO-01;EdgeCore;EdgeCore Whitebox;chassis;SN-4618777;EdgeCore Whitebox Modular Chassis
DW-OPT-SPO-01;Padtec;Padtec LightPad;chassis;SN-6527241;Padtec LightPad Modular Chassis
DW-OPT-RJO-01;Padtec;Padtec LightPad;chassis;SN-6395450;Padtec LightPad Modular Chassis
DW-OPT-BSB-01;Padtec;Padtec LightPad;chassis;SN-5099802;Padtec LightPad Modular Chassis
